{
  "spec/heavy_spec_1.rb": 20.003663063049316,
  "spec/heavy_spec_2.rb": 40.00570607185364,
  "spec/heavy_spec_3.rb": 60.006176233291626,
  "spec/heavy_spec_4.rb": 80.01094031333923,
  "spec/heavy_spec_5.rb": 100.00505113601685,
  "spec/heavy_spec_6.rb": 120.01114296913147,
  "spec/heavy_spec_7.rb": 140.00509405136108,
  "spec/heavy_spec_8.rb": 160.0122411251068,
  "spec/heavy_spec_9.rb": 180.01466751098633
}